{
  "rmse": 2405.4652413147305,
  "mae": 1432.2980858408068,
  "r2": 0.014978168118011448,
  "n_eval": 15624
}