segment,n,rmse,mae,r2
day,6706,2834.7394782137053,2125.033841539,0.9641648982425628
night,8966,1991.1384579586565,1576.6846944881343,0.9772975223476342
