{
  "run_id": "2026-03-04_101610_37271ac2",
  "kind": "exp_longh_solar_delta_h288",
  "target_col": "delta_solar_h288",
  "horizon_steps": 288,
  "delta_true": {
    "n": 15096,
    "min": -22366.532709500003,
    "max": 26619.480982499997,
    "mean": 99.47557500725358,
    "std": 5343.237742738275,
    "p01": -15630.526787325005,
    "p05": -8945.216577874999,
    "p50": 0.0,
    "p95": 9563.000618625005,
    "p99": 19714.162780724993
  },
  "delta_pred": {
    "n": 15096,
    "min": -154188.75,
    "max": 11760.1337890625,
    "mean": -31775.143714355425,
    "std": 34547.58092278664,
    "p01": -101229.970703125,
    "p05": -96043.810546875,
    "p50": -17205.474609375,
    "p95": 1299.8147583007812,
    "p99": 4280.516772460923
  },
  "delta_test": {
    "rmse": 47367.56120606321,
    "r2": -77.58742404084076
  },
  "train_solar_raw": {
    "solar_p99": 39490.272751525,
    "solar_max": 40485.588213,
    "delta_q01": -13256.778595485002,
    "delta_q99": 14514.146577805
  },
  "delta_test_clip_train_q01_q99": {
    "rmse": 11313.027533933051,
    "r2": -3.482793070267447
  },
  "abs_true": {
    "n": 15096,
    "min": 0.0,
    "max": 35877.1498605,
    "mean": 7599.575681949921,
    "std": 10858.179715322878,
    "p01": 0.0,
    "p05": 0.0,
    "p50": 0.0,
    "p95": 29582.988219500003,
    "p99": 32890.57199777499
  },
  "abs_pred": {
    "n": 15096,
    "min": -150501.8207465,
    "max": 41348.693024562504,
    "mean": -24275.043607412757,
    "std": 35565.75019813561,
    "p01": -97870.6453125,
    "p05": -91527.05110825,
    "p50": -10076.592677562501,
    "p95": 21042.32895027344,
    "p99": 31488.231211453895
  },
  "abs_pred_out_of_bounds": {
    "neg_ratio": 0.674483306836248,
    "above_train_p99_ratio": 0.0008611552729199788,
    "above_train_max_ratio": 0.0004636989931107578
  },
  "abs_test": {
    "rmse": 45568.69050367714,
    "r2": -16.55964747183928,
    "rmse_persist": 5281.470565249257,
    "skill": -7.628030761641961,
    "n_eval": 14808
  },
  "abs_test_clip_0_train_max": {
    "rmse": 10678.49784440319,
    "r2": 0.03572029955223677,
    "rmse_persist": 5281.470565249257,
    "skill": -1.0218796474347522,
    "train_max": 40485.588213,
    "n_eval": 14808
  }
}
