segment,n,rmse,mae,r2
day,6706,2813.0310097088986,1859.4584097378079,0.9647116479553388
night,8966,1032.677292210017,812.5181740353701,0.9938933983576156
