segment,n,rmse,mae,r2
day,6706,2834.6814070050823,2125.0166252907666,0.9641663664313477
night,8966,1991.3095131390342,1577.0924278528782,0.9772936215207466
