segment,n,rmse,mae,r2
day,6706,6704.252633848052,4625.597173436377,0.5237578530752325
night,8966,1454.9176108754289,1114.0803889373226,-488.6125779321455
