segment,n,rmse,mae,r2
day,6706,848.9483806910763,596.2542327905586,0.9945551062643391
night,8966,831.6814860909284,624.2138977504148,0.9940531831266757
