segment,n,rmse,mae,r2
day,6706,2834.7380364706264,2124.9701958672727,0.964164934693882
night,8966,1991.8914788027414,1577.402711282705,0.9772803475786525
