season,n,rmse,mae,r2
DJF,8928,2349.308430606222,1811.559455376736,0.9772267739227114
SON,6744,2441.048455760336,1811.897987135701,0.9700599656181287
