season,n,rmse,mae,r2
DJF,8928,2348.963463350842,1811.3941813405418,0.9772334613720165
SON,6744,2440.7912837097497,1811.7504368802536,0.970066273837388
