season,n,rmse,mae,r2
DJF,8928,2348.849605326702,1810.9908840949076,0.9772356683797646
SON,6744,2440.81787585476,1811.7593859640883,0.9700656215847122
