season,n,rmse,mae,r2
DJF,8928,442.21712452144817,333.9307025420917,0.9889312065552996
SON,6744,434.7277938240995,327.11341006089606,0.992797114209742
