season,n,rmse,mae,r2
DJF,8928,1109.993277215298,539.2903177299261,0.9882481499404694
SON,6744,1270.145107897701,607.927128054836,0.987389845147463
