season,n,rmse,mae,r2
DJF,8928,1451.132226674628,1124.3875629628365,0.98596800628415
SON,6696,1362.364325729376,1125.2448802508486,0.9815575348173401
