season,n,rmse,mae,r2
DJF,8928,2190.6075466184247,1132.9173609496215,0.9542285465174548
SON,6696,2475.955441222542,1281.8497068699312,0.9523407798201277
