season,n,rmse,mae,r2
DJF,8928,673.5761476092899,471.291608997805,0.9969767169657461
SON,6696,651.4712891998798,459.0057997285115,0.9957828115527486
