season,n,rmse,mae,r2
DJF,8928,1451.5063630327472,1124.7134697671852,0.9859607697888104
SON,6696,1362.4146921040215,1125.3102704881496,0.9815561711626062
