season,n,rmse,mae,r2
DJF,8928,1347.5300085942772,1079.1391424323142,0.9879000855888086
SON,6696,1306.441194559203,1030.8621899507043,0.9830405338017593
