season,n,rmse,mae,r2
DJF,8928,2190.576524424239,1132.7954944574183,0.9542298428891999
SON,6696,2475.9298625340157,1281.743036088145,0.9523417645341747
