season,n,rmse,mae,r2
DJF,8928,1420.474028346771,1093.5963428807806,0.9865546533832942
SON,6696,1487.363992984959,1259.119563562383,0.9780180116311117
