season,n,rmse,mae,r2
DJF,8928,997.6361768078582,505.5357948322778,0.990506859172014
SON,6696,1365.1550569626127,635.0454670601066,0.9855114392152594
