season,n,rmse,mae,r2
DJF,8928,1451.1322616329594,1124.3876002442328,0.9859680056080778
SON,6696,1362.364260687712,1125.2448177643043,0.9815575365782914
