season,n,rmse,mae,r2
DJF,8928,1665.3288800977605,1439.1921904971123,0.9815198524335189
SON,6696,1240.3571560700627,943.012058380157,0.9847128699676968
