season,n,rmse,mae,r2
DJF,8928,1315.5098042968955,1049.3498473835687,0.9884682933549644
SON,6696,1285.2173324966639,1019.8929863474418,0.9835870897686101
