season,n,rmse,mae,r2
DJF,8928,2281.6361076439166,1391.6188132643222,0.950345534999201
SON,6696,2551.370770135647,1551.8388552287133,0.94939325155273
