season,n,rmse,mae,r2
DJF,8928,2285.721933969355,1364.0900248687785,0.9501675388917198
SON,6696,2556.412991706602,1523.2421671368445,0.9491930277470088
