season,n,rmse,mae,r2
DJF,8928,1069.2413060348952,820.9019772985191,0.9923817211861119
SON,6696,986.7350774714079,769.8138693921501,0.9903253874590628
