season,n,rmse,mae,r2
DJF,8928,2011.0672350658156,1654.9160854049933,0.9730500112445428
SON,6696,1388.5278888610178,1056.0897041383191,0.9808423753214683
