season,n,rmse,mae,r2
DJF,8928,407.0437368298834,307.7185047196364,0.9906219763451614
SON,6696,392.90424482041317,293.2236860854153,0.9941127108919033
