{
  "train_input": {
    "shape": [
      50000,
      11
    ],
    "dtype": "torch.float32",
    "device": "cuda:0",
    "numel": 550000,
    "finite_frac_sample": 1.0,
    "min_sample": -2.003506660461426,
    "max_sample": 1.7537403106689453,
    "mean_sample": -0.056106582283973694,
    "std_sample": 0.996663510799408
  },
  "train_label": {
    "shape": [
      50000,
      1
    ],
    "dtype": "torch.float32",
    "device": "cuda:0",
    "numel": 50000,
    "finite_frac_sample": 1.0,
    "min_sample": -3.9454855918884277,
    "max_sample": 4.961069107055664,
    "mean_sample": -0.007977939210832119,
    "std_sample": 0.8678949475288391
  },
  "test_input": {
    "shape": [
      15624,
      11
    ],
    "dtype": "torch.float32",
    "device": "cuda:0",
    "numel": 171864,
    "finite_frac_sample": 1.0,
    "min_sample": -2.049642324447632,
    "max_sample": 1.4151611328125,
    "mean_sample": -0.5643161535263062,
    "std_sample": 0.8407456874847412
  },
  "test_label": {
    "shape": [
      15624,
      1
    ],
    "dtype": "torch.float32",
    "device": "cuda:0",
    "numel": 15624,
    "finite_frac_sample": 1.0,
    "min_sample": -3.1187305450439453,
    "max_sample": 3.9023780822753906,
    "mean_sample": 0.003760099643841386,
    "std_sample": 0.8295818567276001
  }
}