{
  "rmse": 796.3603657161088,
  "mae": 612.9404080901214,
  "r2": 0.23276790759947574
}