{
  "rmse": 704.82256133146,
  "mae": 518.5883358615082,
  "r2": 0.39901022858503565
}