{
  "rmse": 837.6229726940885,
  "mae": 613.0474989122876,
  "r2": 0.15120141780770358
}