{
  "train_input": {
    "shape": [
      50000,
      14
    ],
    "dtype": "torch.float32",
    "device": "cuda:0",
    "numel": 700000,
    "finite_frac_sample": 1.0,
    "min_sample": -3.1334495544433594,
    "max_sample": 4.716268062591553,
    "mean_sample": 0.700116753578186,
    "std_sample": 1.6634480953216553
  },
  "train_label": {
    "shape": [
      50000,
      1
    ],
    "dtype": "torch.float32",
    "device": "cuda:0",
    "numel": 50000,
    "finite_frac_sample": 1.0,
    "min_sample": -2.174489974975586,
    "max_sample": 3.7251226902008057,
    "mean_sample": -0.013208802789449692,
    "std_sample": 0.9192970991134644
  },
  "test_input": {
    "shape": [
      15624,
      14
    ],
    "dtype": "torch.float32",
    "device": "cuda:0",
    "numel": 218736,
    "finite_frac_sample": 1.0,
    "min_sample": -2.049642324447632,
    "max_sample": 1.4151611328125,
    "mean_sample": -0.28308194875717163,
    "std_sample": 0.813291072845459
  },
  "test_label": {
    "shape": [
      15624,
      1
    ],
    "dtype": "torch.float32",
    "device": "cuda:0",
    "numel": 15624,
    "finite_frac_sample": 1.0,
    "min_sample": -2.766939401626587,
    "max_sample": 2.4863924980163574,
    "mean_sample": -0.016035832464694977,
    "std_sample": 1.1116400957107544
  }
}