{
  "rmse": 472.7137028068985,
  "mae": 377.09263126932836,
  "r2": 0.6951389757153229
}