{
  "rmse": 689.9840959303878,
  "mae": 521.6593945521768,
  "r2": 0.35049323025727597
}