{
  "rmse": 625.1601161964867,
  "mae": 510.3862048684063,
  "r2": 0.466802569729346
}