segment,n,rmse,mae,r2
day,6706,2019.4644725104147,1477.0228901050302,0.9818132635873169
night,8966,869.1257853088244,676.1005876108446,0.9956745070832337
