{
  "target_col": "delta_net_load_h6",
  "base_target_col": "net_load",
  "n_checks": 2,
  "score": 0.7416344916344917,
  "checks": [
    {
      "name": "wind_proxy_monotone_decreasing",
      "passed": false,
      "score": 0.5330645771822242,
      "details": {
        "var": "wind_speed_10m_m_s_cubed",
        "derivative_summary": {
          "var": "wind_speed_10m_m_s_cubed",
          "mean": 3.240430994407419,
          "median": 1.21503107751077,
          "min": -14.620233156465389,
          "max": 14.620233156465389,
          "pct_positive": 0.626854795972443,
          "pct_negative": 0.37314520402755696,
          "n": 15096
        },
        "present_in_expr": true
      }
    },
    {
      "name": "ghi_proxy_monotone_decreasing",
      "passed": false,
      "score": 0.950204406086759,
      "details": {
        "var": "ghi_day_w_m2",
        "derivative_summary": {
          "var": "ghi_day_w_m2",
          "mean": -3.2820222487465176,
          "median": -8.424777639275467,
          "min": -12.772915428573093,
          "max": 11.397216107735096,
          "pct_positive": 0.3348569157392687,
          "pct_negative": 0.6651430842607313,
          "n": 15096
        },
        "present_in_expr": true
      }
    }
  ]
}