{
  "rmse": 859.379716988681,
  "mae": 612.7313799989743,
  "r2": 0.10457196084163922
}