{
  "rmse": 935.3086474347684,
  "mae": 707.0109073111694,
  "r2": -0.0606458336919411
}