segment,n,rmse,mae,r2
day,6446,4616.859436145731,3572.302024716673,0.9033502359176162
night,8644,3137.6442536038976,2531.0783954839835,0.9450460381178957
