segment,n,rmse,mae,r2
day,6446,4525.965361445529,3489.9558869062334,0.9071183449777512
night,8644,3146.5820332495723,2543.473747677754,0.9447325124778903
