segment,n,rmse,mae,r2
day,6446,2802.8456800816007,2274.363660472613,0.9643790196810885
night,8644,2741.4676378298263,2307.717139045188,0.9580474994412157
