segment,n,rmse,mae,r2
day,6446,4516.827636124608,3494.5818997967694,0.9074930143408203
night,8644,3118.1255047043815,2509.335189826089,0.9457276298883784
