segment,n,rmse,mae,r2
day,6446,4525.30249234779,3489.098693143023,0.907145549724283
night,8644,3146.7202581447095,2543.57487982523,0.9447276567262338
