segment,n,rmse,mae,r2
day,6446,4520.674411248127,3462.183571940247,0.907335379322637
night,8644,3150.8185936510945,2545.194628636727,0.9445835879162463
