segment,n,rmse,mae,r2
day,6446,4613.8067510706205,3569.409136930399,0.9034780040488286
night,8644,3134.9320468995807,2529.0191412939266,0.9451410024116544
