season,n,rmse,mae,r2
DJF,8928,3446.4264297580557,2642.0908443682174,0.9509902477121671
SON,6162,4215.6096523810975,3347.6438248015643,0.9138291953920792
