season,n,rmse,mae,r2
DJF,8928,3471.5163640030323,2661.9202549596666,0.9502740697174872
SON,6162,4225.683214025901,3361.9634348659824,0.9134168782563752
