season,n,rmse,mae,r2
DJF,8928,3504.515697860328,2681.857192505536,0.9493242129436698
SON,6162,4273.178811977956,3395.9155695080535,0.911459595787975
