season,n,rmse,mae,r2
DJF,8928,3471.202544411423,2661.5667048026826,0.9502830596021169
SON,6162,4225.458476255103,3361.720853088424,0.9134260876454117
