season,n,rmse,mae,r2
DJF,8928,3477.5305359639156,2659.4427332341766,0.950101626718338
SON,6162,4217.013166976034,3338.914792656276,0.9137718076713586
