season,n,rmse,mae,r2
DJF,8928,1703.3843921380098,1375.140274574267,0.9880279144846417
SON,6162,3815.356404947848,3624.0186195900696,0.929415459184822
