season,n,rmse,mae,r2
DJF,8928,3506.7860617749398,2683.5445265829308,0.9492585321158618
SON,6162,4276.720195405091,3399.385746276342,0.9113127798165478
