segment,n,rmse,mae,r2
day,6706,1984.3083185780356,1364.752999391555,0.9824409650158205
night,8966,744.3121078399812,565.8252730945063,0.996827654332715
