segment,n,rmse,mae,r2
day,6706,2067.1269620752446,1776.6719644206723,0.9677179472341564
night,8966,1624.2869891500543,1344.9949662049196,0.9773172331707913
