segment,n,rmse,mae,r2
day,6706,2828.8547527022133,1877.8659219522049,0.9643135262580634
night,8966,1011.1823084042547,793.6461918981396,0.9941449681649647
