segment,n,rmse,mae,r2
day,6706,1474.9455506391705,1211.9743186790301,0.8314255615867754
night,8966,2045.9561137312078,1661.6116234952906,0.8430579846091113
