segment,n,rmse,mae,r2
day,6706,1677.0181137784691,1140.0385629398468,0.9702009381331073
night,8966,580.3739813306689,141.5955727436963,-76.90971817598036
