season,n,rmse,mae,r2
DJF,8928,1514.6156239833833,1052.8030361023968,0.990534373842273
SON,6744,1584.8444301259872,1046.764318001101,0.987379610179998
