season,n,rmse,mae,r2
DJF,8928,4445.038058316506,2557.2982321620025,0.8115411605771332
SON,6744,4620.712455091412,2695.2166066924706,0.8331094957329827
