season,n,rmse,mae,r2
DJF,8928,1816.9917235115652,1467.8952816824285,0.8131319435344224
SON,6744,1832.4034408189004,1470.9579659637648,0.8720283081947372
