season,n,rmse,mae,r2
DJF,8928,2605.593359070828,1580.8946255265641,0.9719871200223233
SON,6744,2884.651609914215,1710.3096547476327,0.958189416116439
