season,n,rmse,mae,r2
DJF,8928,1845.1782517064687,1534.4760403936743,0.9773127392890818
SON,6744,1802.565668725237,1523.3963481262767,0.9676073019248448
