season,n,rmse,mae,r2
DJF,8928,1273.6265829340964,940.5876442807541,0.9933068784318985
SON,6690,1568.4097216262678,1180.078665849484,0.9877118624925324
