season,n,rmse,mae,r2
DJF,8928,1345.4162345165082,915.7681619566928,0.992531079946617
SON,6744,1501.8243644479703,896.9817411826456,0.9886671853643795
