{
  "rmse": 2595.049647561102,
  "mae": 1670.495739562789,
  "r2": -0.005583123192534956
}