{
  "mean": -3.0328855514526367,
  "std": 2614.02685546875
}