{
  "rmse": 2317.177719616117,
  "mae": 1196.6301551563013,
  "r2": 0.08595753547977558,
  "n_eval": 15624
}