season,n,rmse,mae,r2
DJF,8928,2190.6011687019313,1132.8402742319297,0.9542288130426785
SON,6696,2475.9528823623114,1281.7850557843333,0.9523408783301558
