season,n,rmse,mae,r2
DJF,8928,1068.1202050389784,824.7389131623736,0.9923976883627734
SON,6696,1030.007195133518,814.0943904305767,0.9894582439103715
