season,n,rmse,mae,r2
DJF,8928,1051.7043147962338,858.6685712553393,0.9373939243120463
SON,6696,1001.367178792075,812.7695620826804,0.9617590540201919
