season,n,rmse,mae,r2
DJF,8928,2474.5037966666996,1598.7744341066466,0.9747349168327321
SON,6696,2731.821671916661,1693.103008951608,0.962698642668252
