season,n,rmse,mae,r2
DJF,8928,630334.8794529937,630330.7198679736,-3788.729597775983
SON,6696,630321.858004876,630316.5315999737,-3087.7731831017118
