season,n,rmse,mae,r2
DJF,8928,1273.6265829340964,940.5876442807539,0.9933068784318985
SON,6696,1568.0095438303558,1179.9203318755583,0.9877109772919017
