season,n,rmse,mae,r2
DJF,8928,875.7783804776934,454.348097869029,0.992684332056156
SON,6696,1158.560566278858,519.1949309676285,0.9895648482848616
