season,n,rmse,mae,r2
DJF,8928,1346.9926981405488,1078.1041407799264,0.9879097330390079
SON,6696,1292.509066252403,1022.5291940103137,0.9834003228005723
