season,n,rmse,mae,r2
DJF,8928,1798.717578120803,1240.77412267737,0.9784408633510274
SON,6696,1430.9586249415624,1196.8054547089762,0.9796536458391487
