season,n,rmse,mae,r2
DJF,8928,878.4655852104435,666.0199773128053,0.9948577295736168
SON,6696,1160.1169491515968,991.9184000314825,0.9866267799690464
