{
  "rmse": 1204.5056571626692,
  "mae": 668.6528906817626,
  "r2": 0.7777611030805099
}