{
  "rmse": 1186.0881178667532,
  "mae": 665.8009243979554,
  "r2": 0.784505448018338
}