{
  "rmse": 1352.0314298789835,
  "mae": 759.0276912427901,
  "r2": 0.7199884409522206
}