season,n,rmse,mae,r2
DJF,8928,3150.264809367741,2613.4136543389504,0.9053414890235263
SON,6696,3335.2073584174523,2728.2340175436348,0.9135217358932282
