season,n,rmse,mae,r2
DJF,8928,643.921266129659,518.7422361601508,0.9765309933942015
SON,6696,660.2971102379979,536.0081848749111,0.9833727389670516
