season,n,rmse,mae,r2
DJF,8928,2474.504468942147,1598.779973523448,0.9747349031046485
SON,6696,2731.8225914182353,1693.10914358598,0.9626986175577824
