season,n,rmse,mae,r2
DJF,8928,2474.504240434941,1598.7790148986953,0.9747349077708405
SON,6696,2731.8227055809903,1693.1095762624661,0.9626986144401358
