season,n,rmse,mae,r2
DJF,8928,2285.75811150335,1364.05807813239,0.9501659614209031
SON,6696,2556.4942812281242,1523.2599995979876,0.9491897965475566
