season,n,rmse,mae,r2
DJF,8928,1049.161305854951,853.4856074805862,0.9376963198174912
SON,6696,997.839262503406,807.299253599419,0.9620280326863155
