season,n,rmse,mae,r2
DJF,8928,1451.0804447510332,1124.3160390586697,0.9859690076962186
SON,6696,1363.608349418443,1126.48519446683,0.981523838487931
