season,n,rmse,mae,r2
DJF,8928,1196.8317265552262,827.6038837794632,0.9940896844305718
SON,6690,1327.817891356254,814.1388481570141,0.9911926745709558
