season,n,rmse,mae,r2
DJF,8928,28166.940315149033,28076.21680804567,-6.567368656930169
SON,6696,28176.840250697413,28060.358538205815,-5.172283454118314
