{
  "rmse": 81476.41628409977,
  "mae": 79938.89609996154,
  "r2": -1261.4849366522376
}