{
  "rmse": 81640.11926960936,
  "mae": 80131.30965642916,
  "r2": -1266.5632203248858
}