{
  "rmse": 32888.09361832643,
  "mae": 32209.7879619157,
  "r2": -204.70259392432382
}