{
  "rmse": 1027.4800911656973,
  "mae": 833.6914558172289,
  "r2": -1.085454544720911,
  "n_eval": 15624
}