season,n,rmse,mae,r2
DJF,8928,2474.507793146644,1597.445797583061,0.9747348352232555
SON,6744,2727.581808882567,1689.044445423591,0.9626186428547745
