season,n,rmse,mae,r2
DJF,8928,2487.6904482926793,1664.3916746616821,0.9744649236654109
SON,6744,2720.11372861646,1734.5771459394698,0.9628230618714493
