{
  "target_col": "load",
  "n_checks": 1,
  "score": 1.0,
  "checks": [
    {
      "name": "temp_sensitivity_present",
      "passed": true,
      "score": 1.0,
      "details": {
        "var": "temp_2m_c",
        "derivative_summary": {
          "var": "temp_2m_c",
          "mean": -684.2718322934646,
          "median": -811.5361369994176,
          "min": -1369.0229491423074,
          "max": 1033.1775557412902,
          "pct_positive": 0.14701378254211334,
          "pct_negative": 0.8529862174578867,
          "n": 15672
        }
      }
    }
  ]
}