season,n,rmse,mae,r2
DJF,8928,4320.705972826151,3542.6066920782932,-0.056668101141480465
SON,6744,6855.974257977284,6108.0417862753,-0.7914721900262682
