season,n,rmse,mae,r2
DJF,8928,69.89789658524714,53.87732398541357,0.9997234603656521
SON,6744,76.06020852551625,59.19945290973156,0.9997795110965139
