season,n,rmse,mae,r2
DJF,8928,435.51906669506803,306.15681547747124,0.9992173657876467
SON,6744,500.7268280518648,328.53159990709264,0.9987402011273082
