season,n,rmse,mae,r2
DJF,8928,4348.453118224219,3401.7152994354137,-0.07028331456319581
SON,6697,5972.169909901735,4999.579869601127,-0.3600166732379182
