season,n,rmse,mae,r2
DJF,8928,4857.730189717053,4383.180852749725,-0.33566008989575047
SON,6744,5230.317748486901,4693.235986213011,-0.04262434516690261
