season,n,rmse,mae,r2
DJF,8928,300.61932489669766,200.72694162080214,0.9996271121149821
SON,6744,363.9589088800879,212.23786200677313,0.9993344139628019
