season,n,rmse,mae,r2
DJF,8928,2622.5779195401733,2561.156773064726,0.6106985947765247
SON,6744,2556.326848272523,2476.060380349663,0.7509397172399475
