season,n,rmse,mae,r2
DJF,8928,1499.0514484555572,563.8085398647069,0.8728072821786197
SON,6744,798.5720324028414,352.91761847702986,0.9756947603976067
