season,n,rmse,mae,r2
DJF,8928,5865.320614455909,4926.225787821405,-0.9472095200812252
SON,6744,6709.787611228364,5749.682225871794,-0.7158892801627514
