season,n,rmse,mae,r2
DJF,8928,4743.664768271945,3966.140858621792,-0.2736706781698255
SON,6744,6646.278081392666,5828.236848619987,-0.6835605118856076
