season,n,rmse,mae,r2
DJF,8928,333.2695224853024,265.7528151501818,0.993713334269692
SON,6744,328.10462487454816,259.7044126898439,0.9958970481678298
