var,mean,median,min,max,pct_positive,pct_negative,n
temp_2m_c,-689.5955317151967,-834.9052128239018,-1340.0793740576091,1049.573225665815,0.14701378254211334,0.8529862174578867,15672
wind_speed_10m_m_s,0.0,0.0,0.0,0.0,0.0,0.0,15672
ghi_w_m2,0.0,0.0,0.0,0.0,0.0,0.0,15672
