var,mean,median,min,max,pct_positive,pct_negative,n
temp_2m_c,0.10466906793565267,0.991761567525725,-0.991761567525725,0.991761567525725,0.5527692700357325,0.4472307299642675,15672
wind_speed_10m_m_s,0.0,0.0,0.0,0.0,0.0,0.0,15672
ghi_w_m2,0.0,0.0,0.0,0.0,0.0,0.0,15672
