{
  "rmse": 1449.4408851157111,
  "mae": 1164.393670600981,
  "r2": -1.4075045682448644,
  "n_eval": 15624
}