season,n,rmse,mae,r2
DJF,8928,1420.9358632329695,1009.1464219563194,0.9916690709772705
SON,6744,1544.8625846455325,1031.6094475588889,0.9880083428291363
