{
  "rmse": 1973.991773265701,
  "mae": 1367.8889897527774,
  "r2": -6.697409187255964,
  "n_eval": 15624
}