{
  "rmse": 2587.9183810243417,
  "mae": 1639.2063983403114,
  "r2": -6.39774945714322e-05,
  "n_eval": 15624
}