{
  "target_col": "load",
  "n_checks": 1,
  "score": 1.0,
  "checks": [
    {
      "name": "temp_sensitivity_present",
      "passed": true,
      "score": 1.0,
      "details": {
        "var": "temp_2m_c",
        "derivative_summary": {
          "var": "temp_2m_c",
          "mean": -689.5955317151967,
          "median": -834.9052128239018,
          "min": -1340.0793740576091,
          "max": 1049.573225665815,
          "pct_positive": 0.14701378254211334,
          "pct_negative": 0.8529862174578867,
          "n": 15672
        }
      }
    }
  ]
}