season,n,rmse,mae,r2
DJF,8928,3528.9464698660004,2814.2274123981433,0.29511330714330175
SON,6744,4324.086009151194,3526.989132990899,0.2873761358364284
