season,n,rmse,mae,r2
DJF,8928,4746.752803255477,4208.279566611013,-0.2753294883949122
SON,6744,5161.339777509144,4554.603687363305,-0.015305209499909544
