season,n,rmse,mae,r2
DJF,8928,165.24973132904586,123.89456625224014,0.9984543516497864
SON,6744,188.60052085181732,135.24414004578145,0.998644319061317
