season,n,rmse,mae,r2
DJF,8928,72.74165061083882,55.148891190520914,0.9997005009330638
SON,6744,77.73761060639697,59.01683425306633,0.999769678707139
