season,n,rmse,mae,r2
DJF,8928,1951.8821173519864,1697.8835624567391,0.784356515441076
SON,6744,1733.4825086527583,1469.0287615598543,0.8854722728836529
