season,n,rmse,mae,r2
DJF,8928,126.72715411230175,93.94472563503892,0.9990909902640301
SON,6744,128.73792524463477,95.1407317074492,0.9993683380369932
