season,n,rmse,mae,r2
DJF,8928,3329.7170402901334,3127.102530968232,0.3724565110768202
SON,6744,3223.582978188134,2948.345189358133,0.6039505432413305
