season,n,rmse,mae,r2
DJF,8928,1036.0687177940272,924.3601093907511,0.9392416050118817
SON,6744,1068.3442605635519,932.1675479477128,0.9564995092344785
