season,n,rmse,mae,r2
DJF,8928,11006.542475825316,10150.210834243391,-1.4123293539238104
SON,6744,11305.26749540879,10359.345539206146,-1.1979887173516488
