season,n,rmse,mae,r2
DJF,8928,79.52331524943259,61.00497033582553,0.999642053496321
SON,6744,87.04838105710557,66.39775362312086,0.9997112027116807
