season,n,rmse,mae,r2
DJF,8928,430.8357653467179,319.29466600384933,0.9992341072113775
SON,6744,483.007938874246,325.1333266927854,0.99882778295544
