season,n,rmse,mae,r2
DJF,8928,302.4710916069739,206.8290325268053,0.9996225041074075
SON,6744,367.38260550266517,211.813141692871,0.9993218329676447
