season,n,rmse,mae,r2
DJF,8928,2689.1347112696567,2467.3932658727035,0.5906881786070568
SON,6744,2498.8156912327986,2244.9814015751735,0.762020162820618
