season,n,rmse,mae,r2
DJF,8928,170.5442406891546,128.27733086526266,0.9983537215770413
SON,6744,172.61371187402312,130.19934225641285,0.9988644080699449
