var,mean,median,min,max,pct_positive,pct_negative,n
temp_2m_c,0.14860150567960628,0.20607276904496113,5.148511134443842e-07,0.23691032834238349,1.0,0.0,15672
wind_speed_10m_m_s,0.0,0.0,0.0,0.0,0.0,0.0,15672
ghi_w_m2,0.0,0.0,0.0,0.0,0.0,0.0,15672
