{
  "rmse": 1030.4324018398477,
  "mae": 838.9975673241998,
  "r2": -1.0974562472285703,
  "n_eval": 15624
}