{
  "rmse": 1338.3206007114995,
  "mae": 1064.3612150987815,
  "r2": -1.0525154316616407,
  "n_eval": 15624
}