segment,n,rmse,mae,r2
day,6706,18889.889201321297,7739.152815316569,-0.5912600486863391
night,8966,5811.849606202971,2865.8279955986245,0.8065810280921042
