segment,n,rmse,mae,r2
day,6706,2906.1643369067165,2156.2804235890717,0.9623363265239069
night,8966,1653.6643885826381,1294.4759338053548,0.9843409617983606
