segment,n,rmse,mae,r2
day,6706,2906.248884492968,2156.3032023629617,0.9623341350311808
night,8966,1653.7138247639978,1294.503674146781,0.98434002553266
