segment,n,rmse,mae,r2
day,6706,2058.3790832694904,1496.9374146190305,0.981105602054042
night,8966,863.8404032250531,674.7372842459126,0.9957269560350318
