segment,n,rmse,mae,r2
day,6706,476.5770081987649,369.1019558180918,0.9824002735183637
night,8966,410.8206393821213,303.2266036902531,0.9936722238655519
