season,n,rmse,mae,r2
DJF,8928,1453.0798112354219,1023.0668410002442,0.99128788858404
SON,6744,1552.3907901830876,1031.1708239225818,0.9878911859763555
