season,n,rmse,mae,r2
DJF,8928,1350.8056519503493,921.5900079101999,0.9924711226647869
SON,6744,1501.9461614721426,903.3097434295862,0.988665347121371
