season,n,rmse,mae,r2
DJF,8928,852.2401871929214,624.3032279122465,0.9951601775881125
SON,6744,821.4130410309991,596.2935162400904,0.9932735159058902
