season,n,rmse,mae,r2
DJF,8928,11128.478498246717,4509.046576587175,0.4890056888081308
SON,6744,15354.970056881277,5536.329293042687,-0.18467013890516593
