season,n,rmse,mae,r2
DJF,8928,983.7130389029039,520.5242523997348,0.9907699851315211
SON,6744,1281.3179457767442,600.5042254918133,0.9871670188104341
