{
  "rmse": 1414.0117330024882,
  "mae": 1124.9692415047416,
  "r2": -1.2912481697072367,
  "n_eval": 15624
}