{
  "train_input": {
    "shape": [
      50000,
      17
    ],
    "dtype": "torch.float32",
    "device": "cuda:0",
    "numel": 850000,
    "finite_frac_sample": 1.0,
    "min_sample": -3.1334495544433594,
    "max_sample": 1.7537403106689453,
    "mean_sample": -0.32896173000335693,
    "std_sample": 1.0904362201690674
  },
  "train_label": {
    "shape": [
      50000,
      1
    ],
    "dtype": "torch.float32",
    "device": "cuda:0",
    "numel": 50000,
    "finite_frac_sample": 1.0,
    "min_sample": -3.9454855918884277,
    "max_sample": 4.961069107055664,
    "mean_sample": -0.007977939210832119,
    "std_sample": 0.8678949475288391
  },
  "test_input": {
    "shape": [
      15624,
      17
    ],
    "dtype": "torch.float32",
    "device": "cuda:0",
    "numel": 265608,
    "finite_frac_sample": 1.0,
    "min_sample": -2.04232120513916,
    "max_sample": 1.4151611328125,
    "mean_sample": -0.49453914165496826,
    "std_sample": 0.77007657289505
  },
  "test_label": {
    "shape": [
      15624,
      1
    ],
    "dtype": "torch.float32",
    "device": "cuda:0",
    "numel": 15624,
    "finite_frac_sample": 1.0,
    "min_sample": -3.1187305450439453,
    "max_sample": 3.9023780822753906,
    "mean_sample": 0.003760099643841386,
    "std_sample": 0.8295818567276001
  }
}