{
  "rmse": 736.1470738596871,
  "mae": 552.3289039901399,
  "r2": 0.3444034400259619
}