{
  "rmse": 731.9253695457268,
  "mae": 556.8292912382175,
  "r2": 0.35190139425344213
}