{
  "rmse": 690.0085385777423,
  "mae": 510.96262146465324,
  "r2": 0.42400804736091835
}