{
  "train_input": {
    "shape": [
      50000,
      16
    ],
    "dtype": "torch.float32",
    "device": "cuda:0",
    "numel": 800000,
    "finite_frac_sample": 1.0,
    "min_sample": -3.1334495544433594,
    "max_sample": 1.7537403106689453,
    "mean_sample": -0.13858509063720703,
    "std_sample": 1.1066895723342896
  },
  "train_label": {
    "shape": [
      50000,
      1
    ],
    "dtype": "torch.float32",
    "device": "cuda:0",
    "numel": 50000,
    "finite_frac_sample": 1.0,
    "min_sample": -3.75415301322937,
    "max_sample": 5.077256202697754,
    "mean_sample": 0.007126885931938887,
    "std_sample": 0.9678351283073425
  },
  "test_input": {
    "shape": [
      15624,
      16
    ],
    "dtype": "torch.float32",
    "device": "cuda:0",
    "numel": 249984,
    "finite_frac_sample": 1.0,
    "min_sample": -2.04232120513916,
    "max_sample": 1.7241724729537964,
    "mean_sample": -0.33685502409935,
    "std_sample": 0.8838183283805847
  },
  "test_label": {
    "shape": [
      15624,
      1
    ],
    "dtype": "torch.float32",
    "device": "cuda:0",
    "numel": 15624,
    "finite_frac_sample": 1.0,
    "min_sample": -3.672898292541504,
    "max_sample": 3.5096352100372314,
    "mean_sample": -0.00589953176677227,
    "std_sample": 0.9390191435813904
  }
}