{
  "rmse": 1278.8044060873997,
  "mae": 839.5164709690285,
  "r2": 0.7494983259360077
}