{
  "rmse": 1239.5571301750524,
  "mae": 701.5549012995566,
  "r2": 0.7646384690609523
}