{
  "rmse": 1181.6198593475397,
  "mae": 702.5979478088361,
  "r2": 0.7861260218210327
}