{
  "rmse": 2400.9501610501034,
  "mae": 1460.2845455347756,
  "r2": 0.018672487705259533,
  "n_eval": 15624
}