segment,n,rmse,mae,r2
day,6706,3668.0672841665078,2480.873869835364,0.9399992160287908
night,8966,1276.6825317250214,1005.5957673034036,0.9906666797490695
