segment,n,rmse,mae,r2
day,6706,3668.06728416275,2480.8738698380657,0.9399992160289137
night,8966,1276.682531732545,1005.5957673110266,0.9906666797489595
