segment,n,rmse,mae,r2
day,6706,3614.2640072649338,2461.516169138917,0.9417464919826547
night,8966,1399.1090576048482,1120.98479961518,0.9887908295851575
