season,n,rmse,mae,r2
DJF,8928,2474.5077931460646,1597.4457975873768,0.9747348352232673
SON,6744,2727.58180888292,1689.0444454306992,0.9626186428547648
