segment,n,rmse,mae,r2
day,6706,1693.228477177216,1148.3343609152148,0.969622067505431
night,8966,232.68247723405182,111.12099016776604,-11.522848374753822
