segment,n,rmse,mae,r2
day,6706,18887.0767549239,7726.695015518447,-0.5907862502023411
night,8966,5815.408443805623,2876.942084440332,0.8063440785808026
