segment,n,rmse,mae,r2
day,6659,2091.2831176844857,1500.083436945221,0.9805209421005632
night,8966,841.0667092443983,640.5778226174473,0.9959492893476155
