segment,n,rmse,mae,r2
day,6706,1985.6251200720585,1371.6068518906156,0.9824176526755256
night,8966,751.5552223061025,571.2559615807413,0.9967656119081395
