season,n,rmse,mae,r2
DJF,8928,443.1172831797124,334.2137165101225,0.9888860983470569
SON,6744,436.21799488909664,327.7086867438552,0.9927476481056324
