season,n,rmse,mae,r2
DJF,8928,1454.2015011290678,1058.2759817951808,0.9912744329437685
SON,6744,1603.3546567829353,1054.611731882396,0.9870830883555026
