season,n,rmse,mae,r2
DJF,8928,1420.5580932678681,982.6855733936864,0.9916735001094977
SON,6697,1614.1461931399933,1039.130889196271,0.9869758935707552
