season,n,rmse,mae,r2
DJF,8928,2207.9570010341477,1647.168708415903,0.9798847374211895
SON,6744,2362.1951538803023,1684.5144594231822,0.9719630322352524
