season,n,rmse,mae,r2
DJF,8928,2208.028190346893,1647.1959802827073,0.9798834402810702
SON,6744,2362.2565057129964,1684.5378863407543,0.9719615758427181
