season,n,rmse,mae,r2
DJF,8928,11130.185156772777,4511.856585361111,0.48884894506818766
SON,6744,15351.683344120225,5534.9976140353965,-0.18416303876351447
