season,n,rmse,mae,r2
DJF,8928,2285.7590178540795,1364.0622882060604,0.9501659219004255
SON,6696,2556.4960395574863,1523.2644679671077,0.9491897266541061
