season,n,rmse,mae,r2
DJF,8928,2481.0483667527647,1625.9410292019256,0.9746010978722467
SON,6696,2739.6821450572947,1729.9020205666104,0.9624836739129919
