season,n,rmse,mae,r2
DJF,8928,1358.0918367109716,1085.5252354890067,0.9877096660101801
SON,6696,1311.4953887652573,1036.1425212451475,0.9829090587065171
