season,n,rmse,mae,r2
DJF,8928,1049.1613058549508,853.485607480586,0.9376963198174912
SON,6696,997.839262503406,807.299253599419,0.9620280326863155
