season,n,rmse,mae,r2
DJF,8928,1982.0156442178181,1378.4200504915275,0.7776468293197227
SON,6696,1963.242266485721,1353.8475754344436,0.8530093493130255
