season,n,rmse,mae,r2
DJF,8928,2294.211367037378,1376.8705744739943,0.9497966845338446
SON,6696,2565.1603347433106,1536.9790405158233,0.9488447378828361
