season,n,rmse,mae,r2
DJF,8928,1420.628645374551,1093.6126026566412,0.9865517262017593
SON,6696,1486.9890342433803,1258.768427860101,0.9780290933835329
