season,n,rmse,mae,r2
DJF,8928,28210.73112931141,28120.04911159884,-6.590916747572375
SON,6696,28220.666260121718,28104.24920931534,-5.191499017125181
