season,n,rmse,mae,r2
DJF,8928,1451.0804796875464,1124.3160762730345,0.9859690070205925
SON,6696,1363.6082843295299,1126.485131855634,0.9815238402517706
