season,n,rmse,mae,r2
DJF,8928,1068.1129676913904,824.7304482117607,0.9923977913856076
SON,6696,1029.9980709523113,814.0861760195411,0.9894584306750218
