{
  "rmse": 1302.6135791474082,
  "mae": 1036.7254783680858,
  "r2": -0.9444523600052854,
  "n_eval": 15624
}