segment,n,rmse,mae,r2
day,6706,2021.209925631609,1599.2020738265487,0.6834352237215389
night,8966,1982.703694595317,1571.0645681661244,0.8526119647407119
