segment,n,rmse,mae,r2
day,6706,3965.553632008374,2717.6136329553215,0.9298722356797933
night,8966,1121.4220848501068,828.0435540621028,0.9927987391116426
