segment,n,rmse,mae,r2
day,6706,2834.7544488329936,2125.035854229599,0.9641645197421141
night,8966,1991.1582922222528,1576.6936817900655,0.977297070054458
