segment,n,rmse,mae,r2
day,6706,474.64988742225717,367.7573821211871,0.982542320758531
night,8966,410.3350611124887,303.502692978117,0.9936871735268433
