segment,n,rmse,mae,r2
day,6706,6706.72402021707,4627.439161736816,0.5234066743983183
night,8966,1455.599398273748,1115.5107441122327,-489.0715591098655
