season,n,rmse,mae,r2
DJF,8928,1911.6929918482292,1232.3272586622415,0.9849207139646268
SON,6744,2116.2767966371553,1291.0116939255208,0.9774967920012464
