season,n,rmse,mae,r2
DJF,8928,1992.2889797932917,1582.0567892161102,0.7753358194671822
SON,6744,2008.477159735629,1584.4915496940805,0.8462534040928269
