season,n,rmse,mae,r2
DJF,8928,2348.8679624795186,1810.9979892219017,0.9772353125545586
SON,6744,2440.83328943651,1811.7639296589975,0.970065243516811
