season,n,rmse,mae,r2
DJF,8928,4446.870095240181,2558.8236026718437,0.8113857807137286
SON,6744,4622.230293681321,2696.9304901635746,0.8329998353916525
