season,n,rmse,mae,r2
DJF,8928,1913.0774587079886,1237.0434401520297,0.984898864921443
SON,6744,2107.427877709335,1291.554301664523,0.977684586667979
