{
  "quantiles": [
    0.01,
    0.99
  ],
  "bounds": {
    "load": {
      "low": 28469.541328125,
      "high": 69295.45460937498
    },
    "wind": {
      "low": 1196.36848261296,
      "high": 42382.92679666825
    },
    "solar": {
      "low": 0.0,
      "high": 39487.167753994996
    },
    "temp_2m_c": {
      "low": -4.858333333333334,
      "high": 37.108416666666656
    },
    "wind_speed_10m_m_s": {
      "low": 0.9722222222222223,
      "high": 8.641226851851847
    },
    "wind_speed_10m_m_s_cubed": {
      "low": 0.9189600480109732,
      "high": 645.24733639105
    },
    "wind_speed_hub_est": {
      "low": 1.3420402572528047,
      "high": 11.928213573160212
    },
    "surface_pressure_hpa": {
      "low": 931.1999166666667,
      "high": 955.7501666666666
    },
    "ghi_w_m2": {
      "low": 0.0,
      "high": 963.8349999999997
    },
    "ghi_day_w_m2": {
      "low": 0.0,
      "high": 963.8349999999997
    },
    "ghi_temp_corr_w_m2": {
      "low": 0.0,
      "high": 938.1084418333331
    },
    "cdd_18c": {
      "low": 0.0,
      "high": 19.10841666666665
    },
    "hdd_18c": {
      "low": 0.0,
      "high": 22.858333333333334
    },
    "solar_altitude": {
      "low": -74.25339035263549,
      "high": 78.97354391255595
    },
    "solar_azimuth": {
      "low": 5.790856273795165,
      "high": 354.7889649855627
    },
    "is_night": {
      "low": 0.0,
      "high": 1.0
    },
    "hour_sin": {
      "low": -0.9997620270799091,
      "high": 0.9997620270799091
    },
    "hour_cos": {
      "low": -0.9997620270799091,
      "high": 0.9990482215818578
    },
    "dow_sin": {
      "low": -0.9749279121818236,
      "high": 0.9749279121818237
    },
    "dow_cos": {
      "low": -0.900968867902419,
      "high": 0.9999999999999999
    },
    "month_sin": {
      "low": -0.9417589340994615,
      "high": 0.9997451236925734
    },
    "month_cos": {
      "low": -0.9997202729664083,
      "high": 0.9986686402879997
    },
    "load_lag_12": {
      "low": 28464.03708984375,
      "high": 69292.056640625
    },
    "load_lag_24": {
      "low": 28429.423359375,
      "high": 69310.46476562497
    },
    "load_lag_48": {
      "low": 28387.73912109375,
      "high": 69251.899921875
    },
    "wind_lag_12": {
      "low": 1156.0207561153068,
      "high": 42416.45887102884
    },
    "wind_lag_24": {
      "low": 1160.6967768587729,
      "high": 42377.16961670289
    },
    "wind_lag_48": {
      "low": 1201.9265909024007,
      "high": 42430.81833301341
    },
    "solar_lag_12": {
      "low": 0.0,
      "high": 39490.909646335
    },
    "solar_lag_24": {
      "low": 0.0,
      "high": 39481.686223389996
    },
    "solar_lag_48": {
      "low": 0.0,
      "high": 39462.075596275
    }
  }
}