{
  "rmse": 2587.918454229956,
  "mae": 1639.2067606931048,
  "r2": -6.403407309352183e-05,
  "n_eval": 15624
}