{
  "rmse": 1413.7714821020318,
  "mae": 1124.7549846576985,
  "r2": -1.2904696363212897,
  "n_eval": 15624
}