{
  "rmse": 1323.917151832276,
  "mae": 1054.2863064500925,
  "r2": -1.0085734702710183,
  "n_eval": 15624
}