{
  "rmse": 1254.6153429105284,
  "mae": 821.836110164776,
  "r2": 0.9929837595159707,
  "n": 15618
}