{
  "rmse": 1407.3511329370697,
  "mae": 1043.1587961070986,
  "r2": 0.991169210855008,
  "n": 15624
}