{
  "rmse": 2644.3554228954085,
  "mae": 1706.3550527965067,
  "r2": 0.9688309954390453,
  "n": 15618
}